{
    "CompileStrategy": "fullobj",
    "NameTable": {
        "top_tb": [
            "top_tb",
            "W0eJz",
            "module",
            8
        ],
        "_vcs_DPI_package": [
            "_vcs_DPI_package",
            "uM9F1",
            "module",
            1
        ],
        "uvm_pkg": [
            "uvm_pkg",
            "zr7M1",
            "module",
            5
        ],
        "vcs_paramclassrepository": [
            "vcs_paramclassrepository",
            "hEeZs",
            "module",
            2
        ],
        "...MASTER...": [
            "SIM",
            "amcQw",
            "module",
            9
        ],
        "_vcs_unit__2656887399": [
            "_vcs_unit__2656887399",
            "DdJ4M",
            "module",
            3
        ],
        "asyn_fifo": [
            "asyn_fifo",
            "kWy9z",
            "module",
            6
        ],
        "std": [
            "std",
            "reYIK",
            "module",
            4
        ],
        "my_if": [
            "my_if",
            "qKzhu",
            "module",
            7
        ]
    },
    "PrevCompiledModules": {},
    "cycles_program_begin": 450481753506186,
    "perf": [
        {
            "stat": [
                "main",
                "entry",
                3.9958200454711914,
                0.184971,
                5.5201599999999997,
                213536,
                213536,
                0.0,
                0.0,
                1620182229.18839,
                450481755398928
            ],
            "sub": [
                {
                    "stat": [
                        "doParsingAndDesignResolution",
                        "entry",
                        4.8512029647827148,
                        0.31895099999999998,
                        6.2210539999999996,
                        234376,
                        235176,
                        0.0,
                        0.0,
                        1620182230.0437729,
                        450484670013852
                    ],
                    "sub": []
                },
                {
                    "stat": [
                        "doParsingAndDesignResolution",
                        "exit",
                        14.881803035736084,
                        5.0702290000000003,
                        11.467256000000001,
                        274880,
                        275528,
                        0.0,
                        0.0,
                        1620182240.074373,
                        450518854126432
                    ],
                    "sub": []
                },
                {
                    "stat": [
                        "doPostDesignResolutionToVir2Vcs",
                        "entry",
                        14.979713916778564,
                        5.1072230000000003,
                        11.467256000000001,
                        274880,
                        275528,
                        0.005999,
                        0.054990999999999998,
                        1620182240.1722839,
                        450519187822492
                    ],
                    "sub": [
                        {
                            "stat": [
                                "doUptoVir2VcsNoSepCleanup",
                                "entry",
                                15.821399927139282,
                                5.9370969999999996,
                                11.467256000000001,
                                275944,
                                275948,
                                0.005999,
                                0.054990999999999998,
                                1620182241.0139699,
                                450522056280310
                            ],
                            "sub": []
                        },
                        {
                            "stat": [
                                "doUptoVir2VcsNoSepCleanup",
                                "exit",
                                19.134799003601074,
                                9.2235969999999998,
                                11.467256000000001,
                                283740,
                                299172,
                                0.0089980000000000008,
                                0.067988999999999994,
                                1620182244.327369,
                                450533348275214
                            ],
                            "sub": []
                        },
                        {
                            "stat": [
                                "doRadify_vir2vcsAll",
                                "entry",
                                19.136047124862671,
                                9.2245969999999993,
                                11.467256000000001,
                                283740,
                                299172,
                                0.0089980000000000008,
                                0.067988999999999994,
                                1620182244.3286171,
                                450533352623846
                            ],
                            "sub": []
                        },
                        {
                            "stat": [
                                "doRadify_vir2vcsAll",
                                "exit",
                                19.777360916137695,
                                9.8655000000000008,
                                11.467256000000001,
                                306256,
                                306256,
                                0.0089980000000000008,
                                0.067988999999999994,
                                1620182244.9699309,
                                450535538638463
                            ],
                            "sub": []
                        }
                    ]
                },
                {
                    "stat": [
                        "doPostDesignResolutionToVir2Vcs",
                        "exit",
                        19.777590990066528,
                        9.8655000000000008,
                        11.467256000000001,
                        306256,
                        306256,
                        0.0089980000000000008,
                        0.067988999999999994,
                        1620182244.970161,
                        450535538910613
                    ],
                    "sub": []
                },
                {
                    "stat": [
                        "doGAToPass2",
                        "entry",
                        19.777652025222778,
                        9.8655000000000008,
                        11.467256000000001,
                        306256,
                        306256,
                        0.0089980000000000008,
                        0.067988999999999994,
                        1620182244.970222,
                        450535539011439
                    ],
                    "sub": [
                        {
                            "stat": [
                                "DoPass2",
                                "entry",
                                19.989005088806152,
                                9.9184920000000005,
                                11.467256000000001,
                                298868,
                                306256,
                                0.146977,
                                0.083987000000000006,
                                1620182245.1815751,
                                450536259894376
                            ],
                            "sub": []
                        },
                        {
                            "stat": [
                                "DoPass2",
                                "exit",
                                24.951290130615234,
                                14.868739,
                                11.467256000000001,
                                309160,
                                309188,
                                0.146977,
                                0.083987000000000006,
                                1620182250.1438601,
                                450553170774761
                            ],
                            "sub": []
                        }
                    ]
                },
                {
                    "stat": [
                        "doGAToPass2",
                        "exit",
                        24.969454050064087,
                        14.886735999999999,
                        11.467256000000001,
                        309136,
                        309188,
                        0.146977,
                        0.083987000000000006,
                        1620182250.162024,
                        450553232651803
                    ],
                    "sub": []
                }
            ]
        },
        {
            "stat": [
                "main",
                "exit",
                24.970947980880737,
                14.887736,
                11.467256000000001,
                309128,
                309188,
                0.146977,
                0.083987000000000006,
                1620182250.163518,
                450553237701787
            ],
            "sub": []
        }
    ],
    "PEModules": [],
    "MlibObjs": {},
    "cpu_cycles_pass2_start": 450536259984254,
    "rlimit": {
        "data": -1,
        "stack": -1
    },
    "stat": {
        "totalObjSize": 15062036,
        "cpu_cycles_cgstart": 450536272197359,
        "quadSpeed": 25995.695216493143,
        "ru_self_cgstart": {
            "ru_utime_sec": 9.9234910000000003,
            "ru_nivcsw": 792,
            "ru_minflt": 63513,
            "ru_stime_sec": 11.467256000000001,
            "ru_maxrss_kb": 148248,
            "ru_majflt": 0,
            "ru_nvcsw": 9
        },
        "nQuads": 129049,
        "cpu_cycles_total": 71484460737,
        "mop/quad": 3.1351114692868602,
        "ru_childs_cgstart": {
            "ru_utime_sec": 0.146977,
            "ru_nivcsw": 12,
            "ru_minflt": 5421,
            "ru_stime_sec": 0.083987000000000006,
            "ru_maxrss_kb": 84944,
            "ru_majflt": 0,
            "ru_nvcsw": 19
        },
        "nMops": 404583,
        "ru_self_end": {
            "ru_utime_sec": 14.887736,
            "ru_nivcsw": 826,
            "ru_minflt": 80671,
            "ru_stime_sec": 11.467256000000001,
            "ru_maxrss_kb": 156796,
            "ru_majflt": 0,
            "ru_nvcsw": 11
        },
        "ru_childs_end": {
            "ru_utime_sec": 0.146977,
            "ru_nivcsw": 12,
            "ru_minflt": 5421,
            "ru_stime_sec": 0.083987000000000006,
            "ru_maxrss_kb": 84944,
            "ru_majflt": 0,
            "ru_nvcsw": 19
        },
        "outputSizePerQuad": 116.71563514633976,
        "cpu_cycles_end": 450553237966923,
        "mopSpeed": 81499.402225313213,
        "CodeGen(%)": 33.018555126393167,
        "Frontend(%)": 66.981444873606833,
        "peak_mem_kb": 309188,
        "realTime": 24.971085071563721
    },
    "CurCompileUdps": {},
    "incremental": "on",
    "SIMBData": {
        "out": "amcQwB.o",
        "bytes": 425704,
        "archive": "archive.0/_40780_archive_1.a",
        "text": 0
    },
    "CurCompileModules": [
        "...MASTER...",
        "...MASTER...",
        "vcs_paramclassrepository",
        "vcs_paramclassrepository",
        "_vcs_DPI_package",
        "_vcs_DPI_package",
        "_vcs_unit__2656887399",
        "_vcs_unit__2656887399",
        "std",
        "std",
        "uvm_pkg",
        "uvm_pkg",
        "asyn_fifo",
        "asyn_fifo",
        "my_if",
        "my_if",
        "top_tb",
        "top_tb"
    ],
    "Misc": {
        "vcs_version": "O-2018.09-SP2_Full64",
        "default_output_dir": "csrc",
        "vcs_build_date": "Build Date = Feb 28 2019 22:34:30",
        "archive_dir": "archive.0",
        "daidir_abs": "/home/eda/Documents/fifo/simv.daidir",
        "master_pid": 40780,
        "cwd": "/home/eda/Documents/fifo",
        "csrc": "csrc",
        "VCS_HOME": "/tools/synopsys/vcs-mx/vcs-mx/O-2018.09-SP2",
        "hostname": "syn-eda",
        "csrc_abs": "/home/eda/Documents/fifo/csrc",
        "daidir": "simv.daidir"
    },
    "LVLData": [
        "SIM"
    ],
    "CompileProcesses": [
        "cgproc.40780.json"
    ],
    "CompileStatus": "Successful"
}