{
    "CompUnits": {
        "hEeZs_d": {
            "mod": "vcs_paramclassrepository",
            "out": "hEeZs_d.o",
            "bytes": 6814816,
            "archive": "archive.0/_40780_archive_1.a",
            "text": 1929046,
            "checksum": 0,
            "mode": 4,
            "cls": 1894143
        },
        "amcQw_d": {
            "mod": "...MASTER...",
            "out": "objs/amcQw_d.o",
            "bytes": 8628,
            "text": 546,
            "checksum": 0,
            "mode": 4
        },
        "reYIK_d": {
            "mod": "std",
            "out": "reYIK_d.o",
            "bytes": 44252,
            "archive": "archive.0/_40780_archive_1.a",
            "text": 7441,
            "checksum": 0,
            "mode": 4,
            "cls": 7024
        },
        "uM9F1_d": {
            "mod": "_vcs_DPI_package",
            "out": "uM9F1_d.o",
            "bytes": 9386,
            "archive": "archive.0/_40780_archive_1.a",
            "text": 1068,
            "checksum": 0,
            "mode": 4
        },
        "zr7M1_d": {
            "mod": "uvm_pkg",
            "out": "zr7M1_d.o",
            "bytes": 7095762,
            "archive": "archive.0/_40780_archive_1.a",
            "text": 2700247,
            "checksum": 0,
            "mode": 4,
            "cls": 2572099
        },
        "qKzhu_d": {
            "mod": "my_if",
            "out": "qKzhu_d.o",
            "bytes": 44214,
            "archive": "archive.0/_40780_archive_1.a",
            "text": 11570,
            "checksum": 0,
            "mode": 4
        },
        "DdJ4M_d": {
            "mod": "_vcs_unit__2656887399",
            "out": "DdJ4M_d.o",
            "bytes": 544428,
            "archive": "archive.0/_40780_archive_1.a",
            "text": 165372,
            "checksum": 0,
            "mode": 4,
            "cls": 161956
        },
        "kWy9z_d": {
            "mod": "asyn_fifo",
            "out": "kWy9z_d.o",
            "bytes": 38548,
            "archive": "archive.0/_40780_archive_1.a",
            "text": 20506,
            "checksum": 0,
            "mode": 4
        },
        "W0eJz_d": {
            "mod": "top_tb",
            "out": "W0eJz_d.o",
            "bytes": 36298,
            "archive": "archive.0/_40780_archive_1.a",
            "text": 11381,
            "checksum": 0,
            "mode": 4
        }
    },
    "Modules": {
        "...MASTER...": {
            "nQuads": 0,
            "start_perf": [
                20.007458925247192,
                9.9374889999999994,
                11.467256000000001,
                298868,
                306256,
                1620182245.2000289,
                450536322654874
            ],
            "child_modules": {
                "_vcs_DPI_package": 1,
                "top_tb": 1,
                "vcs_paramclassrepository": 1,
                "uvm_pkg": 1,
                "std": 1,
                "_vcs_unit__2656887399": 1
            },
            "end_perf": [
                20.168298959732056,
                10.098464,
                11.467256000000001,
                299884,
                306256,
                450536870439344,
                0,
                0
            ],
            "nRouts": 5,
            "nMops": 0
        },
        "_vcs_unit__2656887399": {
            "nQuads": 4362,
            "start_perf": [
                22.183980941772461,
                12.108159000000001,
                11.467256000000001,
                306960,
                306984,
                1620182247.3765509,
                450543739794803
            ],
            "child_modules": {},
            "Compiled Times": 1,
            "Compiled": "Yes",
            "svclass": [
                "my_transaction",
                57718,
                5945,
                13,
                12,
                4294974929,
                "in_monitor",
                12857,
                1119,
                19,
                11,
                4294975180,
                "out_monitor",
                14533,
                1357,
                17,
                11,
                4294975311,
                "i_agt",
                7259,
                568,
                10,
                10,
                4294975473,
                "o_agt",
                7015,
                532,
                10,
                10,
                4294975513,
                "my_model",
                8379,
                652,
                13,
                10,
                4294975552,
                "my_scoreboard",
                13063,
                1115,
                24,
                10,
                4294975594,
                "my_env",
                9534,
                932,
                9,
                9,
                4294975694,
                "base_test",
                6220,
                388,
                10,
                10,
                4294975775,
                "my_case0",
                7454,
                518,
                15,
                10,
                4294975854,
                "my_case1",
                4965,
                275,
                9,
                9,
                4294975949,
                "fifo_chk_rst",
                5822,
                453,
                23,
                4,
                4294975974,
                "fifo_rst_mon",
                7137,
                581,
                29,
                4,
                4294976029
            ],
            "end_perf": [
                22.332021951675415,
                12.256136,
                11.467256000000001,
                306960,
                306984,
                450544244317681,
                4294967297,
                0
            ],
            "nRouts": 244,
            "nMops": 14754
        },
        "uvm_pkg": {
            "nQuads": 74622,
            "start_perf": [
                22.344012022018433,
                12.267135,
                11.467256000000001,
                306960,
                306984,
                1620182247.536582,
                450544285118625
            ],
            "child_modules": {},
            "Compiled Times": 1,
            "Compiled": "Yes",
            "svclass": [
                "vcs_type_T_29780162601987252642_63_29057405201454559803_10",
                0,
                0,
                0,
                0,
                0,
                "_vcs_struct_Blasted_uvm_reg_bus_op",
                0,
                0,
                0,
                0,
                0,
                "_vcs_struct_uvm_reg_bus_op",
                0,
                0,
                0,
                0,
                0,
                "_vcs_struct_uvm_hdl_path_slice",
                0,
                0,
                0,
                0,
                0,
                "_vcs_struct_uvm_cmdline_parsed_arg_t",
                0,
                0,
                0,
                0,
                0,
                "_vcs_struct_m_verbosity_setting",
                0,
                0,
                0,
                0,
                0,
                "_vcs_struct_uvm_printer_row_info",
                0,
                0,
                0,
                0,
                0,
                "_vcs_struct_Blasted_access_t",
                0,
                0,
                0,
                0,
                0,
                "_vcs_struct_access_t",
                0,
                0,
                0,
                0,
                0,
                "uvm_cmdline_processor",
                22335,
                2256,
                13,
                13,
                12884934849,
                "uvm_factory",
                9509,
                418,
                18,
                18,
                12884906044,
                "uvm_default_factory",
                109410,
                11510,
                21,
                21,
                12884906299,
                "uvm_report_server",
                15307,
                1021,
                24,
                24,
                12884920149,
                "uvm_default_report_server",
                51883,
                4804,
                31,
                31,
                12884920346,
                "uvm_root",
                98486,
                9047,
                49,
                32,
                12884929021,
                "uvm_component",
                180774,
                15447,
                153,
                126,
                12884927287,
                "uvm_tr_database",
                14765,
                1123,
                15,
                15,
                12884914186,
                "uvm_text_tr_database",
                12577,
                1004,
                15,
                15,
                12884914484,
                "uvm_default_coreservice_t",
                8577,
                698,
                11,
                11,
                12884902431,
                "uvm_coreservice_t",
                6388,
                344,
                12,
                12,
                12884902358,
                "uvm_printer",
                33643,
                3178,
                21,
                21,
                12884911131,
                "uvm_table_printer",
                13030,
                1457,
                4,
                4,
                12884911366,
                "uvm_tree_printer",
                9163,
                1103,
                3,
                3,
                12884911415,
                "uvm_line_printer",
                1330,
                116,
                2,
                2,
                12884911447,
                "uvm_comparer",
                25110,
                2628,
                11,
                11,
                12884912325,
                "uvm_packer",
                36406,
                4351,
                37,
                37,
                12884912755,
                "uvm_recorder",
                33696,
                2722,
                42,
                42,
                12884915294,
                "uvm_void",
                1172,
                59,
                3,
                3,
                12884903278,
                "uvm_object",
                53852,
                4497,
                42,
                42,
                12884904112,
                "uvm_scope_stack",
                10351,
                1072,
                13,
                13,
                12884903302,
                "uvm_status_container",
                6810,
                707,
                6,
                6,
                12884903445,
                "uvm_seed_map",
                763,
                41,
                2,
                2,
                12884903583,
                "uvm_report_object",
                24706,
                1405,
                42,
                42,
                12884921955,
                "uvm_object_wrapper",
                2497,
                146,
                6,
                6,
                12884906779,
                "uvm_objection",
                83011,
                8079,
                71,
                38,
                12884932450,
                "uvm_barrier",
                11458,
                1066,
                16,
                16,
                12884916949,
                "uvm_factory_override",
                2843,
                308,
                2,
                2,
                12884906822,
                "uvm_factory_queue_class",
                763,
                41,
                2,
                2,
                12884906001,
                "uvm_resource_base",
                16132,
                1230,
                19,
                19,
                12884908552,
                "uvm_resource_types",
                668,
                36,
                2,
                2,
                12884908464,
                "uvm_resource_options",
                2268,
                160,
                6,
                6,
                12884908511,
                "get_t",
                763,
                41,
                2,
                2,
                12884908942,
                "uvm_resource_pool",
                43376,
                3807,
                27,
                27,
                12884909010,
                "uvm_resource_db_options",
                3570,
                278,
                6,
                6,
                12884910580,
                "uvm_phase",
                193851,
                18552,
                206,
                64,
                12884923469,
                "m_uvm_waiter",
                1301,
                91,
                2,
                2,
                12884910675,
                "uvm_config_db_options",
                3570,
                278,
                6,
                6,
                12884910997,
                "uvm_printer_knobs",
                6246,
                1010,
                3,
                3,
                12884911473,
                "uvm_link_base",
                6656,
                323,
                12,
                12,
                12884913815,
                "uvm_parent_child_link",
                10485,
                729,
                15,
                15,
                12884913897,
                "uvm_cause_effect_link",
                10027,
                685,
                15,
                15,
                12884913976,
                "uvm_related_link",
                10485,
                729,
                15,
                15,
                12884914055,
                "uvm_tr_stream",
                18311,
                1408,
                22,
                22,
                12884914708,
                "uvm_text_tr_stream",
                9897,
                698,
                14,
                14,
                12884915168,
                "m_uvm_tr_stream_cfg",
                763,
                41,
                2,
                2,
                12884914685,
                "uvm_text_recorder",
                25314,
                1965,
                31,
                31,
                12884915980,
                "uvm_report_message",
                36000,
                3089,
                45,
                45,
                12884918919,
                "uvm_event_base",
                12831,
                1165,
                23,
                17,
                12884916524,
                "uvm_callback",
                5112,
                454,
                8,
                8,
                12884918382,
                "uvm_callbacks_base",
                10224,
                867,
                12,
                12,
                12884917320,
                "uvm_typeid_base",
                763,
                41,
                2,
                2,
                12884917280,
                "uvm_report_handler",
                57806,
                5083,
                33,
                33,
                12884921127,
                "uvm_report_message_element_base",
                6738,
                362,
                14,
                14,
                12884918485,
                "uvm_report_message_int_element",
                3545,
                177,
                8,
                8,
                12884918555,
                "uvm_report_message_string_element",
                3473,
                175,
                8,
                8,
                12884918621,
                "uvm_report_message_object_element",
                3676,
                170,
                8,
                8,
                12884918675,
                "uvm_report_message_element_container",
                15588,
                1184,
                20,
                20,
                12884918731,
                "uvm_report_catcher",
                34047,
                2820,
                38,
                38,
                12884919496,
                "sev_id_struct",
                673,
                36,
                2,
                2,
                12884919421,
                "uvm_env",
                2479,
                153,
                5,
                5,
                12884941262,
                "uvm_transaction",
                29232,
                3057,
                27,
                27,
                12884922661,
                "uvm_test_done_objection",
                26598,
                2143,
                58,
                16,
                12884933512,
                "uvm_sequencer_base",
                137046,
                14638,
                128,
                60,
                12884941935,
                "uvm_domain",
                20240,
                2021,
                10,
                10,
                12884925660,
                "uvm_task_phase",
                11420,
                997,
                12,
                6,
                12884926106,
                "uvm_phase_cb",
                2062,
                97,
                4,
                4,
                12884924065,
                "uvm_phase_state_change",
                7977,
                514,
                13,
                13,
                12884924009,
                "uvm_build_phase",
                4261,
                297,
                7,
                7,
                12884926275,
                "uvm_connect_phase",
                4261,
                297,
                7,
                7,
                12884926321,
                "uvm_end_of_elaboration_phase",
                4263,
                297,
                7,
                7,
                12884926363,
                "uvm_start_of_simulation_phase",
                4290,
                295,
                7,
                7,
                12884926410,
                "uvm_run_phase",
                4102,
                294,
                8,
                7,
                12884926479,
                "uvm_extract_phase",
                4290,
                295,
                7,
                7,
                12884926525,
                "uvm_check_phase",
                4290,
                295,
                7,
                7,
                12884926563,
                "uvm_report_phase",
                4261,
                297,
                7,
                7,
                12884926602,
                "uvm_final_phase",
                4290,
                295,
                7,
                7,
                12884926643,
                "uvm_pre_reset_phase",
                4246,
                294,
                7,
                7,
                12884926740,
                "uvm_reset_phase",
                4246,
                294,
                7,
                7,
                12884926788,
                "uvm_post_reset_phase",
                4246,
                294,
                7,
                7,
                12884926829,
                "uvm_pre_configure_phase",
                4246,
                294,
                7,
                7,
                12884926872,
                "uvm_configure_phase",
                4246,
                294,
                7,
                7,
                12884926914,
                "uvm_post_configure_phase",
                4246,
                294,
                7,
                7,
                12884926956,
                "uvm_pre_main_phase",
                4246,
                294,
                7,
                7,
                12884926995,
                "uvm_main_phase",
                4102,
                294,
                8,
                7,
                12884927038,
                "uvm_post_main_phase",
                4246,
                294,
                7,
                7,
                12884927077,
                "uvm_pre_shutdown_phase",
                4246,
                294,
                7,
                7,
                12884927116,
                "uvm_shutdown_phase",
                4246,
                294,
                7,
                7,
                12884927158,
                "uvm_post_shutdown_phase",
                4246,
                294,
                7,
                7,
                12884927201,
                "uvm_bottomup_phase",
                8163,
                694,
                5,
                5,
                12884925852,
                "uvm_topdown_phase",
                8997,
                823,
                5,
                5,
                12884925966,
                "uvm_sequence_base",
                71098,
                6537,
                95,
                62,
                12884944744,
                "uvm_sequence_item",
                28442,
                2097,
                34,
                34,
                12884941431,
                "uvm_port_component_base",
                4621,
                258,
                10,
                10,
                12884936754,
                "uvm_config_object_wrapper",
                763,
                41,
                2,
                2,
                12884931664,
                "uvm_objection_context_object",
                2273,
                281,
                3,
                3,
                12884933766,
                "uvm_objection_callback",
                3342,
                149,
                6,
                6,
                12884933816,
                "uvm_objection_events",
                763,
                41,
                2,
                2,
                12884932422,
                "uvm_heartbeat_callback",
                4667,
                348,
                7,
                7,
                12884934144,
                "uvm_heartbeat",
                5790,
                306,
                13,
                13,
                12884933907,
                "uvm_cmd_line_verb",
                673,
                36,
                2,
                2,
                12884934826,
                "uvm_tlm_event",
                673,
                36,
                2,
                2,
                12884938932,
                "uvm_monitor",
                2479,
                153,
                5,
                5,
                12884940821,
                "uvm_scoreboard",
                2479,
                153,
                5,
                5,
                12884941069,
                "uvm_agent",
                8735,
                844,
                7,
                7,
                12884941130,
                "uvm_test",
                2479,
                153,
                5,
                5,
                12884941347,
                "uvm_sequence_request",
                763,
                41,
                2,
                2,
                12884943659,
                "uvm_sequence_process_wrapper",
                763,
                41,
                2,
                2,
                12884941921,
                "uvm_sequence_library_cfg",
                7210,
                555,
                10,
                10,
                12884946536,
                "uvm_tlm_time",
                5157,
                343,
                12,
                12,
                12884947399,
                "uvm_tlm_extension_base",
                3229,
                152,
                7,
                7,
                12884948692,
                "uvm_tlm_generic_payload",
                81788,
                9439,
                50,
                49,
                12884947806,
                "uvm_reg_field",
                47754,
                3316,
                63,
                62,
                12884952804,
                "uvm_vreg_field",
                22480,
                1530,
                33,
                33,
                12884954836,
                "uvm_reg",
                61866,
                4145,
                90,
                90,
                12884955831,
                "uvm_reg_file",
                18138,
                1251,
                22,
                22,
                12884959619,
                "uvm_vreg",
                30190,
                2056,
                46,
                46,
                12884961211,
                "uvm_reg_block",
                46050,
                2895,
                73,
                73,
                12884967646,
                "uvm_mem",
                52834,
                3513,
                74,
                74,
                12884962750,
                "uvm_reg_item",
                15936,
                1654,
                13,
                12,
                12884950495,
                "uvm_reg_map",
                124914,
                12128,
                102,
                64,
                12884965190,
                "uvm_reg_map_info",
                673,
                36,
                2,
                2,
                12884965145,
                "uvm_reg_adapter",
                4868,
                356,
                7,
                7,
                12884950811,
                "uvm_reg_indirect_data",
                10781,
                491,
                20,
                20,
                12884958979,
                "uvm_hdl_path_concat",
                3737,
                305,
                5,
                5,
                12884950385,
                "uvm_reg_tlm_adapter",
                18784,
                1864,
                12,
                12,
                12884950942,
                "uvm_predict_s",
                673,
                36,
                2,
                2,
                12884951062,
                "uvm_reg_backdoor",
                15207,
                839,
                27,
                27,
                12884952414,
                "uvm_reg_cbs",
                4986,
                244,
                10,
                10,
                12884951889,
                "uvm_reg_read_only_cbs",
                9106,
                551,
                14,
                14,
                12884952214,
                "uvm_reg_write_only_cbs",
                9106,
                551,
                14,
                14,
                12884952300,
                "uvm_vreg_field_cbs",
                4557,
                286,
                7,
                7,
                12884955165,
                "uvm_reg_fifo",
                6360,
                344,
                15,
                14,
                12884959307,
                "uvm_mem_mam_cfg",
                673,
                36,
                3,
                2,
                12884960698,
                "uvm_mem_region",
                8498,
                424,
                16,
                16,
                12884960412,
                "uvm_mem_mam_policy",
                673,
                36,
                3,
                2,
                12884960656,
                "uvm_mem_mam",
                4930,
                236,
                10,
                10,
                12884960200,
                "uvm_vreg_cbs",
                4432,
                264,
                7,
                7,
                12884961771,
                "uvm_reg_transaction_order_policy",
                1732,
                93,
                4,
                4,
                12884965160,
                "snps_uvm_reg_bank_group",
                10004,
                667,
                18,
                18,
                12884972295,
                "snps_uvm_reg_banked",
                6010,
                275,
                11,
                11,
                12884972433,
                "snps_uvm_reg_bank_set",
                1829,
                84,
                4,
                4,
                12884972402,
                "snps_uvm_reg_map",
                8027,
                507,
                12,
                12,
                12884972683
            ],
            "end_perf": [
                24.811726093292236,
                14.729760000000001,
                11.467256000000001,
                309136,
                309160,
                450552695136555,
                12884901889,
                0
            ],
            "nRouts": 3244,
            "nMops": 236639
        },
        "vcs_paramclassrepository": {
            "nQuads": 47683,
            "start_perf": [
                20.168539047241211,
                10.098464,
                11.467256000000001,
                299884,
                306256,
                1620182245.361109,
                450536871170896
            ],
            "child_modules": {},
            "Compiled Times": 1,
            "Compiled": "Yes",
            "svclass": [
                "std_mailbox_7860219793854266295_64",
                1757,
                136,
                9,
                9,
                0,
                "std_mailbox_36951920133088784204_34",
                1757,
                136,
                9,
                9,
                0,
                "std_mailbox_2190068584822684823_31",
                1757,
                136,
                9,
                9,
                0,
                "std_mailbox_11784808032147832686_39",
                1757,
                136,
                9,
                9,
                0,
                "uvm_pkg_uvm_driver_24844159852957008461_78",
                2168,
                133,
                5,
                5,
                12884940887,
                "uvm_pkg_uvm_driver_13188117561641718844_128",
                3853,
                353,
                5,
                5,
                12884940887,
                "_vcs_unit__2656887399_my_driver_11_0",
                15628,
                1363,
                24,
                16,
                4294975022,
                "_vcs_unit__2656887399_my_driver_11_0::cov_label",
                0,
                0,
                0,
                0,
                0,
                "uvm_pkg_uvm_sequencer_param_base_24844159852957008461_78",
                22878,
                2055,
                20,
                20,
                12884943743,
                "uvm_pkg_uvm_sequencer_param_base_27081641443397297811_68",
                23694,
                2120,
                20,
                20,
                12884943743,
                "uvm_pkg_uvm_sequencer_param_base_13188117561641718844_128",
                23694,
                2120,
                20,
                20,
                12884943743,
                "uvm_pkg_uvm_sequencer_24844159852957008461_78",
                8579,
                438,
                16,
                16,
                12884944204,
                "uvm_pkg_uvm_sequencer_27081641443397297811_68",
                12625,
                903,
                22,
                16,
                12884944204,
                "uvm_pkg_uvm_sequencer_13188117561641718844_128",
                11991,
                846,
                19,
                16,
                12884944204,
                "_vcs_unit__2656887399_my_sequencer_11_0",
                4925,
                260,
                9,
                9,
                4294975423,
                "uvm_pkg_uvm_sequence_24844159852957008461_78",
                4873,
                235,
                8,
                8,
                12884946050,
                "uvm_pkg_uvm_sequence_27081641443397297811_68",
                4644,
                219,
                8,
                8,
                12884946050,
                "uvm_pkg_uvm_sequence_13188117561641718844_128",
                5207,
                262,
                8,
                8,
                12884946050,
                "_vcs_unit__2656887399_case0_sequence_11_0",
                12159,
                916,
                18,
                11,
                4294975818,
                "_vcs_unit__2656887399_case1_sequence_11_0",
                13980,
                1081,
                20,
                11,
                4294975919,
                "uvm_pkg_uvm_visitor_18580828213016376278_35",
                2733,
                133,
                6,
                6,
                12884935295,
                "uvm_pkg_uvm_component_name_check_visitor_11_0",
                6208,
                446,
                8,
                8,
                12884935508,
                "uvm_pkg_uvm_resource_db_17002614941379949671_32",
                22373,
                1363,
                18,
                18,
                12884910285,
                "uvm_pkg_uvm_resource_db_25863622094079981516_23",
                12294,
                596,
                16,
                16,
                12884910285,
                "uvm_pkg_uvm_resource_db_1056094291977123570_7",
                12362,
                602,
                16,
                16,
                12884910285,
                "uvm_pkg_uvm_resource_db_27000910942830678221_40",
                0,
                0,
                0,
                0,
                12884910285,
                "uvm_pkg_uvm_resource_db_3733140680830918994_39",
                0,
                0,
                0,
                0,
                12884910285,
                "uvm_pkg_uvm_resource_db_40194292771222167562_12",
                9531,
                400,
                16,
                16,
                12884910285,
                "uvm_pkg_uvm_resource_db_11265387052000028149_4",
                9675,
                413,
                16,
                16,
                12884910285,
                "uvm_pkg_uvm_resource_db_20178826502325633761_4",
                12141,
                596,
                16,
                16,
                12884910285,
                "uvm_pkg_uvm_resource_db_2720976050237557357_47",
                0,
                0,
                0,
                0,
                12884910285,
                "uvm_pkg_uvm_resource_db_30894295071101572826_35",
                0,
                0,
                0,
                0,
                12884910285,
                "uvm_pkg_uvm_resource_db_39087059352050603066_7",
                12109,
                596,
                16,
                16,
                12884910285,
                "uvm_pkg_uvm_config_db_17002614941379949671_32",
                10314,
                806,
                6,
                6,
                12884910702,
                "uvm_pkg_uvm_config_db_25863622094079981516_23",
                13147,
                1042,
                6,
                6,
                12884910702,
                "uvm_pkg_uvm_config_db_1056094291977123570_7",
                13111,
                1041,
                6,
                6,
                12884910702,
                "uvm_pkg_uvm_config_db_27000910942830678221_40",
                11440,
                918,
                6,
                6,
                12884910702,
                "uvm_pkg_uvm_config_db_3733140680830918994_39",
                4566,
                292,
                6,
                6,
                12884910702,
                "uvm_pkg_uvm_config_db_20178826502325633761_4",
                6076,
                418,
                6,
                6,
                12884910702,
                "uvm_pkg_uvm_config_db_2720976050237557357_47",
                10314,
                806,
                6,
                6,
                12884910702,
                "uvm_pkg_uvm_config_db_39087059352050603066_7",
                13074,
                1045,
                6,
                6,
                12884910702,
                "uvm_pkg_uvm_pool_32868110861242157583_61",
                12701,
                843,
                20,
                20,
                12884905445,
                "uvm_pkg_uvm_pool_42371590912437262221_40",
                9725,
                556,
                20,
                20,
                12884905445,
                "uvm_pkg_uvm_pool_30886983041795320974_58",
                12438,
                814,
                20,
                20,
                12884905445,
                "uvm_pkg_uvm_pool_9945807051447260144_52",
                12701,
                843,
                20,
                20,
                12884905445,
                "uvm_pkg_uvm_pool_11732178212485972888_36",
                12701,
                843,
                20,
                20,
                12884905445,
                "uvm_pkg_uvm_pool_42834055751402745537_69",
                12701,
                843,
                20,
                20,
                12884905445,
                "uvm_pkg_uvm_pool_28656355422713151376_11",
                12367,
                864,
                20,
                20,
                12884905445,
                "uvm_pkg_uvm_pool_2192879401607439242_68",
                13257,
                1032,
                20,
                20,
                12884905445,
                "uvm_pkg_uvm_pool_2223740478782874312_68",
                9725,
                556,
                20,
                20,
                12884905445,
                "uvm_pkg_uvm_pool_19409840873840241338_85",
                12844,
                851,
                20,
                20,
                12884905445,
                "uvm_pkg_uvm_pool_2293449267561664548_67",
                12484,
                822,
                20,
                20,
                12884905445,
                "uvm_pkg_uvm_pool_35087391001878650323_33",
                12484,
                822,
                20,
                20,
                12884905445,
                "uvm_pkg_uvm_pool_13696848301000834817_33",
                9725,
                556,
                20,
                20,
                12884905445,
                "uvm_pkg_uvm_pool_16650238291282474324_76",
                12701,
                843,
                20,
                20,
                12884905445,
                "uvm_pkg_uvm_pool_24812760972194227853_36",
                12701,
                843,
                20,
                20,
                12884905445,
                "uvm_pkg_uvm_object_string_pool_38085949473833222917_33",
                5712,
                328,
                11,
                11,
                12884905658,
                "uvm_pkg_uvm_object_string_pool_4130898749599190909_51",
                6962,
                416,
                11,
                11,
                12884905658,
                "uvm_pkg_uvm_object_string_pool_2759974267363547312_60",
                6963,
                416,
                11,
                11,
                12884905658,
                "uvm_pkg_uvm_object_string_pool_22720307942187480989_26",
                6962,
                416,
                11,
                11,
                12884905658,
                "uvm_pkg_uvm_event_17002614941379949671_32",
                11635,
                1004,
                15,
                15,
                12884916750,
                "uvm_pkg_uvm_queue_10131729133184263146_34",
                16585,
                1410,
                19,
                19,
                12884905797,
                "uvm_pkg_uvm_queue_12401831152739582252_34",
                0,
                0,
                0,
                0,
                12884905797,
                "uvm_pkg_uvm_queue_22079939174174364057_39",
                0,
                0,
                0,
                0,
                12884905797,
                "uvm_pkg_uvm_queue_31897947402315526169_41",
                0,
                0,
                0,
                0,
                12884905797,
                "uvm_pkg_uvm_queue_1056094291977123570_7",
                10614,
                739,
                19,
                19,
                12884905797,
                "uvm_pkg_uvm_component_registry_6006117703813170688_115",
                11276,
                898,
                11,
                11,
                12884907812,
                "uvm_pkg_uvm_component_registry_5812522081072586346_105",
                0,
                0,
                0,
                0,
                12884907812,
                "uvm_pkg_uvm_component_registry_41567197094165345249_47",
                0,
                0,
                0,
                0,
                12884907812,
                "uvm_pkg_uvm_component_registry_12745821183280044466_75",
                0,
                0,
                0,
                0,
                12884907812,
                "uvm_pkg_uvm_component_registry_2534948328694027981_77",
                0,
                0,
                0,
                0,
                12884907812,
                "uvm_pkg_uvm_component_registry_30071712091424634394_165",
                0,
                0,
                0,
                0,
                12884907812,
                "uvm_pkg_uvm_component_registry_41968361053508708704_53",
                0,
                0,
                0,
                0,
                12884907812,
                "uvm_pkg_uvm_component_registry_1985996501298461302_65",
                0,
                0,
                0,
                0,
                12884907812,
                "uvm_pkg_uvm_component_registry_24283217651284158886_65",
                0,
                0,
                0,
                0,
                12884907812,
                "uvm_pkg_uvm_component_registry_38111669211499286885_71",
                0,
                0,
                0,
                0,
                12884907812,
                "uvm_pkg_uvm_component_registry_4687881313778186289_81",
                0,
                0,
                0,
                0,
                12884907812,
                "uvm_pkg_uvm_component_registry_23006027112886109033_67",
                0,
                0,
                0,
                0,
                12884907812,
                "uvm_pkg_uvm_component_registry_33878582191164712386_73",
                0,
                0,
                0,
                0,
                12884907812,
                "uvm_pkg_uvm_component_registry_23450192604137793620_71",
                0,
                0,
                0,
                0,
                12884907812,
                "uvm_pkg_uvm_component_registry_1925031822118773331_71",
                0,
                0,
                0,
                0,
                12884907812,
                "uvm_pkg_uvm_object_registry_213639362871615971_67",
                11485,
                935,
                11,
                11,
                12884907950,
                "uvm_pkg_uvm_object_registry_4097393981196760851_50",
                0,
                0,
                0,
                0,
                12884907950,
                "uvm_pkg_uvm_object_registry_2512958503635835114_81",
                0,
                0,
                0,
                0,
                12884907950,
                "uvm_pkg_uvm_object_registry_33331550721853239193_53",
                0,
                0,
                0,
                0,
                12884907950,
                "uvm_pkg_uvm_object_registry_5504462422480961701_69",
                0,
                0,
                0,
                0,
                12884907950,
                "uvm_pkg_uvm_object_registry_24568272453111598808_69",
                0,
                0,
                0,
                0,
                12884907950,
                "uvm_pkg_uvm_object_registry_3123479053724517434_59",
                0,
                0,
                0,
                0,
                12884907950,
                "uvm_pkg_uvm_object_registry_36654213551487052203_87",
                0,
                0,
                0,
                0,
                12884907950,
                "uvm_pkg_uvm_object_registry_146982615943691968_63",
                0,
                0,
                0,
                0,
                12884907950,
                "uvm_pkg_uvm_object_registry_4533731593768468770_61",
                0,
                0,
                0,
                0,
                12884907950,
                "uvm_pkg_uvm_object_registry_21048711651200398669_63",
                0,
                0,
                0,
                0,
                12884907950,
                "uvm_pkg_uvm_object_registry_6469859573939592844_63",
                0,
                0,
                0,
                0,
                12884907950,
                "uvm_pkg_uvm_object_registry_2560846769148885325_99",
                0,
                0,
                0,
                0,
                12884907950,
                "uvm_pkg_uvm_object_registry_1906819324266042653_63",
                0,
                0,
                0,
                0,
                12884907950,
                "uvm_pkg_uvm_object_registry_38038377671621704812_71",
                0,
                0,
                0,
                0,
                12884907950,
                "uvm_pkg_uvm_object_registry_3002397424346383469_47",
                0,
                0,
                0,
                0,
                12884907950,
                "uvm_pkg_uvm_object_registry_747914060163035432_74",
                0,
                0,
                0,
                0,
                12884907950,
                "uvm_pkg_uvm_object_registry_27138642393390246789_61",
                0,
                0,
                0,
                0,
                12884907950,
                "uvm_pkg_uvm_object_registry_29344154181922724425_75",
                7513,
                575,
                11,
                11,
                12884907950,
                "uvm_pkg_uvm_object_registry_28767600201035024889_53",
                0,
                0,
                0,
                0,
                12884907950,
                "uvm_pkg_uvm_object_registry_2164067094159664132_61",
                0,
                0,
                0,
                0,
                12884907950,
                "uvm_pkg_uvm_object_registry_1347888261580838246_53",
                0,
                0,
                0,
                0,
                12884907950,
                "uvm_pkg_uvm_object_registry_30483053094059138737_73",
                0,
                0,
                0,
                0,
                12884907950,
                "uvm_pkg_uvm_object_registry_14439487293049952778_53",
                0,
                0,
                0,
                0,
                12884907950,
                "uvm_pkg_uvm_object_registry_13870511283927333234_55",
                0,
                0,
                0,
                0,
                12884907950,
                "uvm_pkg_uvm_object_registry_1803450658736655051_140",
                7366,
                561,
                11,
                11,
                12884907950,
                "uvm_pkg_uvm_object_registry_20195001883255690309_51",
                0,
                0,
                0,
                0,
                12884907950,
                "uvm_pkg_uvm_object_registry_1837333109238589200_49",
                0,
                0,
                0,
                0,
                12884907950,
                "uvm_pkg_uvm_object_registry_6547918343632128737_65",
                0,
                0,
                0,
                0,
                12884907950,
                "uvm_pkg_uvm_object_registry_4364088662927209418_59",
                0,
                0,
                0,
                0,
                12884907950,
                "uvm_pkg_uvm_object_registry_14191343452413913236_69",
                0,
                0,
                0,
                0,
                12884907950,
                "uvm_pkg_uvm_object_registry_342307119856880728_71",
                0,
                0,
                0,
                0,
                12884907950,
                "uvm_pkg_uvm_object_registry_12899728703437824960_130",
                7366,
                561,
                11,
                11,
                12884907950,
                "uvm_pkg_uvm_object_registry_27002261902274500827_55",
                0,
                0,
                0,
                0,
                12884907950,
                "uvm_pkg_uvm_object_registry_5609186164052521641_69",
                0,
                0,
                0,
                0,
                12884907950,
                "uvm_pkg_uvm_object_registry_15399770231763244496_55",
                0,
                0,
                0,
                0,
                12884907950,
                "uvm_pkg_uvm_object_registry_273851227787825907_61",
                0,
                0,
                0,
                0,
                12884907950,
                "uvm_pkg_uvm_object_registry_1116471086386374402_47",
                0,
                0,
                0,
                0,
                12884907950,
                "uvm_pkg_uvm_object_registry_17692521782985197028_65",
                0,
                0,
                0,
                0,
                12884907950,
                "uvm_pkg_uvm_object_registry_38910011271399345106_51",
                0,
                0,
                0,
                0,
                12884907950,
                "uvm_pkg_uvm_object_registry_37873060981902812299_65",
                0,
                0,
                0,
                0,
                12884907950,
                "uvm_pkg_uvm_object_registry_433731176719709738_51",
                0,
                0,
                0,
                0,
                12884907950,
                "uvm_pkg_uvm_object_registry_38280531571839998128_59",
                0,
                0,
                0,
                0,
                12884907950,
                "uvm_pkg_uvm_object_registry_1348953888709792696_65",
                0,
                0,
                0,
                0,
                12884907950,
                "uvm_pkg_uvm_object_registry_36353121283939136215_65",
                0,
                0,
                0,
                0,
                12884907950,
                "uvm_pkg_uvm_object_registry_14423394572653327039_73",
                0,
                0,
                0,
                0,
                12884907950,
                "uvm_pkg_uvm_object_registry_13218283181657985668_63",
                0,
                0,
                0,
                0,
                12884907950,
                "uvm_pkg_uvm_object_registry_28828704562697250440_65",
                0,
                0,
                0,
                0,
                12884907950,
                "uvm_pkg_uvm_object_registry_31367509471821760984_73",
                7484,
                575,
                11,
                11,
                12884907950,
                "uvm_pkg_uvm_object_registry_2120333925708090850_59",
                0,
                0,
                0,
                0,
                12884907950,
                "uvm_pkg_uvm_object_registry_1243823300296727886_83",
                0,
                0,
                0,
                0,
                12884907950,
                "uvm_pkg_uvm_object_registry_6139371562177577521_57",
                0,
                0,
                0,
                0,
                12884907950,
                "uvm_pkg_uvm_object_registry_14574770452422056716_57",
                0,
                0,
                0,
                0,
                12884907950,
                "uvm_pkg_uvm_spell_chkr_29865849301974608402_58",
                11066,
                1212,
                6,
                6,
                12884908175,
                "uvm_pkg_uvm_resource_17002614941379949671_32",
                18804,
                1570,
                16,
                16,
                12884909729,
                "uvm_pkg_uvm_resource_25863622094079981516_23",
                14785,
                1180,
                16,
                16,
                12884909729,
                "uvm_pkg_uvm_resource_1056094291977123570_7",
                14813,
                1186,
                16,
                16,
                12884909729,
                "uvm_pkg_uvm_resource_27000910942830678221_40",
                0,
                0,
                0,
                0,
                12884909729,
                "uvm_pkg_uvm_resource_3733140680830918994_39",
                0,
                0,
                0,
                0,
                12884909729,
                "uvm_pkg_uvm_resource_40194292771222167562_12",
                11112,
                773,
                16,
                16,
                12884909729,
                "uvm_pkg_uvm_resource_32657157613078840017_21",
                11449,
                802,
                16,
                16,
                12884909729,
                "uvm_pkg_uvm_resource_20178826502325633761_4",
                13279,
                1038,
                16,
                16,
                12884909729,
                "uvm_pkg_uvm_resource_27061203961639428043_15",
                11320,
                789,
                16,
                16,
                12884909729,
                "uvm_pkg_uvm_resource_40973394903465487470_45",
                11638,
                816,
                16,
                16,
                12884909729,
                "uvm_pkg_uvm_resource_2720976050237557357_47",
                0,
                0,
                0,
                0,
                12884909729,
                "uvm_pkg_uvm_resource_30894295071101572826_35",
                0,
                0,
                0,
                0,
                12884909729,
                "uvm_pkg_uvm_resource_11265387052000028149_4",
                12419,
                908,
                16,
                16,
                12884909729,
                "uvm_pkg_uvm_resource_39087059352050603066_7",
                14834,
                1211,
                16,
                16,
                12884909729,
                "uvm_pkg_uvm_int_rsrc_11_0",
                3503,
                174,
                6,
                6,
                12884910127,
                "uvm_pkg_uvm_string_rsrc_11_0",
                3340,
                151,
                6,
                6,
                12884910150,
                "uvm_pkg_uvm_obj_rsrc_11_0",
                2630,
                113,
                5,
                5,
                12884910171,
                "uvm_pkg_uvm_set_get_dap_base_1056094291977123570_7",
                3132,
                167,
                7,
                7,
                12884935620,
                "uvm_pkg_uvm_set_get_dap_base_42077948452638614245_35",
                3886,
                162,
                7,
                7,
                12884935620,
                "uvm_pkg_uvm_set_get_dap_base_25072624061353900623_41",
                0,
                0,
                0,
                0,
                12884935620,
                "uvm_pkg_uvm_set_get_dap_base_11265387052000028149_4",
                2964,
                157,
                7,
                7,
                12884935620,
                "uvm_pkg_uvm_set_get_dap_base_2190068584822684823_31",
                0,
                0,
                0,
                0,
                12884935620,
                "uvm_pkg_uvm_simple_lock_dap_1056094291977123570_7",
                14447,
                929,
                20,
                20,
                12884935709,
                "uvm_pkg_uvm_set_before_get_dap_42077948452638614245_35",
                15221,
                982,
                17,
                17,
                12884936080,
                "uvm_pkg_uvm_set_before_get_dap_25072624061353900623_41",
                0,
                0,
                0,
                0,
                12884936080,
                "uvm_pkg_uvm_event_callback_17002614941379949671_32",
                2936,
                132,
                6,
                6,
                12884916436,
                "uvm_pkg_uvm_typeid_12401831152739582252_34",
                2038,
                159,
                3,
                3,
                12884917294,
                "uvm_pkg_uvm_typeid_26457283571261833951_39",
                0,
                0,
                0,
                0,
                12884917294,
                "uvm_pkg_uvm_typeid_3011313423768043667_40",
                0,
                0,
                0,
                0,
                12884917294,
                "uvm_pkg_uvm_typeid_2190068584822684823_31",
                0,
                0,
                0,
                0,
                12884917294,
                "uvm_pkg_uvm_typeid_1674154142423747761_34",
                0,
                0,
                0,
                0,
                12884917294,
                "uvm_pkg_uvm_typeid_9836671432282947766_35",
                0,
                0,
                0,
                0,
                12884917294,
                "uvm_pkg_uvm_typeid_1084049419402313263_44",
                0,
                0,
                0,
                0,
                12884917294,
                "uvm_pkg_uvm_typeid_11704699723925447941_44",
                0,
                0,
                0,
                0,
                12884917294,
                "uvm_pkg_uvm_typeid_34134683632350250451_29",
                0,
                0,
                0,
                0,
                12884917294,
                "uvm_pkg_uvm_typeid_3401845221661803279_33",
                0,
                0,
                0,
                0,
                12884917294,
                "uvm_pkg_uvm_typeid_7929638273969762994_38",
                0,
                0,
                0,
                0,
                12884917294,
                "uvm_pkg_uvm_typeid_36840009753431794161_29",
                0,
                0,
                0,
                0,
                12884917294,
                "uvm_pkg_uvm_typeid_3836623090295522255_35",
                0,
                0,
                0,
                0,
                12884917294,
                "uvm_pkg_uvm_typeid_33180307611796608036_36",
                0,
                0,
                0,
                0,
                12884917294,
                "uvm_pkg_uvm_typeid_12470599392681938761_40",
                0,
                0,
                0,
                0,
                12884917294,
                "uvm_pkg_uvm_typeid_28427035364151357801_30",
                0,
                0,
                0,
                0,
                12884917294,
                "uvm_pkg_uvm_typeid_19044983891253896198_34",
                0,
                0,
                0,
                0,
                12884917294,
                "uvm_pkg_uvm_typed_callbacks_26457283571261833951_39",
                36582,
                3339,
                11,
                11,
                12884917408,
                "uvm_pkg_uvm_typed_callbacks_2190068584822684823_31",
                0,
                0,
                0,
                0,
                12884917408,
                "uvm_pkg_uvm_typed_callbacks_9836671432282947766_35",
                0,
                0,
                0,
                0,
                12884917408,
                "uvm_pkg_uvm_typed_callbacks_34134683632350250451_29",
                0,
                0,
                0,
                0,
                12884917408,
                "uvm_pkg_uvm_typed_callbacks_7929638273969762994_38",
                0,
                0,
                0,
                0,
                12884917408,
                "uvm_pkg_uvm_typed_callbacks_36840009753431794161_29",
                0,
                0,
                0,
                0,
                12884917408,
                "uvm_pkg_uvm_typed_callbacks_3836623090295522255_35",
                0,
                0,
                0,
                0,
                12884917408,
                "uvm_pkg_uvm_typed_callbacks_33180307611796608036_36",
                0,
                0,
                0,
                0,
                12884917408,
                "uvm_pkg_uvm_typed_callbacks_28427035364151357801_30",
                0,
                0,
                0,
                0,
                12884917408,
                "uvm_pkg_uvm_callbacks_798380094140731869_79",
                46247,
                4160,
                18,
                18,
                12884917699,
                "uvm_pkg_uvm_callbacks_3760896427231740967_73",
                0,
                0,
                0,
                0,
                12884917699,
                "uvm_pkg_uvm_callbacks_760582431947678203_65",
                0,
                0,
                0,
                0,
                12884917699,
                "uvm_pkg_uvm_callbacks_7829379421284599473_65",
                0,
                0,
                0,
                0,
                12884917699,
                "uvm_pkg_uvm_callbacks_29816384132329754774_79",
                0,
                0,
                0,
                0,
                12884917699,
                "uvm_pkg_uvm_callbacks_4125919662173130704_69",
                0,
                0,
                0,
                0,
                12884917699,
                "uvm_pkg_uvm_callbacks_30350083383744950025_79",
                0,
                0,
                0,
                0,
                12884917699,
                "uvm_pkg_uvm_callbacks_19226769593172006443_62",
                0,
                0,
                0,
                0,
                12884917699,
                "uvm_pkg_uvm_callbacks_2406280077311694533_63",
                0,
                0,
                0,
                0,
                12884917699,
                "uvm_pkg_uvm_callbacks_25874056332755742618_71",
                0,
                0,
                0,
                0,
                12884917699,
                "uvm_pkg_uvm_callbacks_3453533772665706993_72",
                0,
                0,
                0,
                0,
                12884917699,
                "uvm_pkg_uvm_callbacks_16157689474253550089_62",
                0,
                0,
                0,
                0,
                12884917699,
                "uvm_pkg_uvm_callbacks_5019175871376577767_63",
                0,
                0,
                0,
                0,
                12884917699,
                "uvm_pkg_uvm_callbacks_19000355451864305105_68",
                0,
                0,
                0,
                0,
                12884917699,
                "uvm_pkg_uvm_callbacks_1537919828403250345_69",
                0,
                0,
                0,
                0,
                12884917699,
                "uvm_pkg_uvm_callbacks_8485508411680905163_76",
                0,
                0,
                0,
                0,
                12884917699,
                "uvm_pkg_uvm_callbacks_28796025763716974123_70",
                0,
                0,
                0,
                0,
                12884917699,
                "uvm_pkg_uvm_callbacks_5292868251138386083_64",
                0,
                0,
                0,
                0,
                12884917699,
                "uvm_pkg_uvm_callbacks_6692293671863204093_64",
                0,
                0,
                0,
                0,
                12884917699,
                "uvm_pkg_uvm_callback_iter_798380094140731869_79",
                6301,
                536,
                9,
                9,
                12884918279,
                "uvm_pkg_uvm_callback_iter_19226769593172006443_62",
                0,
                0,
                0,
                0,
                12884918279,
                "uvm_pkg_uvm_callback_iter_25874056332755742618_71",
                0,
                0,
                0,
                0,
                12884918279,
                "uvm_pkg_uvm_callback_iter_16157689474253550089_62",
                0,
                0,
                0,
                0,
                12884918279,
                "uvm_pkg_uvm_callback_iter_19000355451864305105_68",
                0,
                0,
                0,
                0,
                12884918279,
                "uvm_pkg_uvm_callback_iter_8485508411680905163_76",
                0,
                0,
                0,
                0,
                12884918279,
                "uvm_pkg_uvm_callback_iter_5292868251138386083_64",
                0,
                0,
                0,
                0,
                12884918279,
                "uvm_pkg_uvm_callback_iter_29816384132329754774_79",
                0,
                0,
                0,
                0,
                12884918279,
                "uvm_pkg_uvm_callback_iter_760582431947678203_65",
                0,
                0,
                0,
                0,
                12884918279,
                "uvm_pkg_uvm_structure_proxy_18580828213016376278_35",
                2135,
                104,
                4,
                4,
                12884935338,
                "uvm_pkg_uvm_component_proxy_11_0",
                2398,
                119,
                4,
                4,
                12884935479,
                "uvm_pkg_uvm_visitor_adapter_23438052802547792107_91",
                2113,
                96,
                4,
                4,
                12884935357,
                "uvm_pkg_uvm_top_down_visitor_adapter_23438052802547792107_91",
                3633,
                259,
                4,
                4,
                12884935380,
                "uvm_pkg_uvm_enum_wrapper_40973394903465487470_45",
                2978,
                248,
                4,
                4,
                12884934699,
                "uvm_pkg_uvm_get_to_lock_dap_11265387052000028149_4",
                13118,
                856,
                17,
                17,
                12884935890,
                "uvm_pkg_uvm_get_to_lock_dap_2190068584822684823_31",
                14574,
                954,
                17,
                17,
                12884935890,
                "uvm_pkg_uvm_tlm_if_base_24844159852957008461_78",
                6582,
                302,
                14,
                14,
                12884936275,
                "uvm_pkg_uvm_tlm_if_base_27081641443397297811_68",
                6582,
                302,
                14,
                14,
                12884936275,
                "uvm_pkg_uvm_tlm_if_base_13188117561641718844_128",
                6862,
                316,
                14,
                14,
                12884936275,
                "uvm_pkg_uvm_sqr_if_base_24844159852957008461_78",
                5584,
                257,
                13,
                13,
                12884936486,
                "uvm_pkg_uvm_sqr_if_base_27081641443397297811_68",
                5580,
                257,
                13,
                13,
                12884936486,
                "uvm_pkg_uvm_sqr_if_base_13188117561641718844_128",
                5582,
                259,
                13,
                13,
                12884936486,
                "uvm_pkg_uvm_port_component_34533239451891830907_126",
                5699,
                376,
                11,
                11,
                12884936812,
                "uvm_pkg_uvm_port_component_23145110241044876076_126",
                5699,
                376,
                11,
                11,
                12884936812,
                "uvm_pkg_uvm_port_component_2311547681826351055_116",
                5699,
                376,
                11,
                11,
                12884936812,
                "uvm_pkg_uvm_port_component_234753672576675992_116",
                5699,
                376,
                11,
                11,
                12884936812,
                "uvm_pkg_uvm_port_component_2720137076964060913_176",
                5699,
                376,
                11,
                11,
                12884936812,
                "uvm_pkg_uvm_port_component_26158324142012406182_176",
                5699,
                376,
                11,
                11,
                12884936812,
                "uvm_pkg_uvm_port_base_29345012303560527042_103",
                36531,
                2975,
                26,
                26,
                12884936899,
                "uvm_pkg_uvm_port_base_39390923434110787983_103",
                22835,
                1802,
                26,
                26,
                12884936899,
                "uvm_pkg_uvm_port_base_21996234534275348455_93",
                36531,
                2975,
                26,
                26,
                12884936899,
                "uvm_pkg_uvm_port_base_22000921013756544682_93",
                22835,
                1802,
                26,
                26,
                12884936899,
                "uvm_pkg_uvm_port_base_33492697481250461853_153",
                36531,
                2975,
                26,
                26,
                12884936899,
                "uvm_pkg_uvm_port_base_42683834541806989776_153",
                36531,
                2975,
                26,
                26,
                12884936899,
                "uvm_pkg_uvm_put_imp_3520587431117154525_105",
                3431,
                235,
                6,
                6,
                12884937973,
                "uvm_pkg_uvm_put_imp_14494172543974948263_95",
                3431,
                235,
                6,
                6,
                12884937973,
                "uvm_pkg_uvm_put_imp_6783925171817337681_155",
                3431,
                235,
                6,
                6,
                12884937973,
                "uvm_pkg_uvm_get_peek_imp_3520587431117154525_105",
                4780,
                302,
                9,
                9,
                12884938027,
                "uvm_pkg_uvm_get_peek_imp_14494172543974948263_95",
                4780,
                302,
                9,
                9,
                12884938027,
                "uvm_pkg_uvm_get_peek_imp_6783925171817337681_155",
                5132,
                355,
                10,
                9,
                12884938027,
                "uvm_pkg_uvm_blocking_get_port_7860219793854266295_64",
                2681,
                193,
                5,
                4,
                12884938297,
                "uvm_pkg_uvm_analysis_port_11784808032147832686_39",
                3382,
                238,
                4,
                4,
                12884938781,
                "uvm_pkg_uvm_analysis_port_36951920133088784204_34",
                3382,
                238,
                4,
                4,
                12884938781,
                "uvm_pkg_uvm_analysis_port_7860219793854266295_64",
                3382,
                238,
                4,
                4,
                12884938781,
                "uvm_pkg_uvm_analysis_imp_32194365862697004679_115",
                2803,
                210,
                4,
                4,
                12884938843,
                "uvm_pkg_uvm_analysis_imp_12888305263488070193_105",
                2803,
                210,
                4,
                4,
                12884938843,
                "uvm_pkg_uvm_analysis_imp_36119921133965286486_165",
                2803,
                210,
                4,
                4,
                12884938843,
                "uvm_pkg_uvm_analysis_imp_34228187441716133409_159",
                2803,
                210,
                4,
                4,
                12884938843,
                "uvm_pkg_uvm_analysis_export_11784808032147832686_39",
                3382,
                238,
                4,
                4,
                12884938866,
                "uvm_pkg_uvm_analysis_export_36951920133088784204_34",
                3382,
                238,
                4,
                4,
                12884938866,
                "uvm_pkg_uvm_analysis_export_7860219793854266295_64",
                3382,
                238,
                4,
                4,
                12884938866,
                "uvm_pkg_uvm_tlm_fifo_base_11784808032147832686_39",
                14176,
                1280,
                21,
                21,
                12884938954,
                "uvm_pkg_uvm_tlm_fifo_base_36951920133088784204_34",
                14177,
                1282,
                21,
                21,
                12884938954,
                "uvm_pkg_uvm_tlm_fifo_base_7860219793854266295_64",
                14183,
                1284,
                21,
                21,
                12884938954,
                "uvm_pkg_uvm_tlm_fifo_11784808032147832686_39",
                9477,
                593,
                19,
                19,
                12884939207,
                "uvm_pkg_uvm_tlm_fifo_36951920133088784204_34",
                10606,
                726,
                21,
                19,
                12884939207,
                "uvm_pkg_uvm_tlm_fifo_7860219793854266295_64",
                11890,
                916,
                23,
                19,
                12884939207,
                "uvm_pkg_uvm_tlm_analysis_fifo_7860219793854266295_64",
                3648,
                254,
                6,
                6,
                12884939361,
                "uvm_pkg_uvm_seq_item_pull_port_24844159852957008461_78",
                6145,
                286,
                14,
                14,
                12884939796,
                "uvm_pkg_uvm_seq_item_pull_port_13188117561641718844_128",
                7162,
                405,
                15,
                14,
                12884939796,
                "uvm_pkg_uvm_seq_item_pull_imp_27764548292519292536_179",
                6905,
                393,
                14,
                14,
                12884939831,
                "uvm_pkg_uvm_seq_item_pull_imp_26815678913984971942_159",
                7116,
                406,
                14,
                14,
                12884939831,
                "uvm_pkg_uvm_seq_item_pull_imp_4096769035303346003_279",
                7626,
                474,
                15,
                14,
                12884939831,
                "uvm_pkg_uvm_sequencer_analysis_fifo_11784808032147832686_39",
                3116,
                208,
                4,
                4,
                12884943694,
                "uvm_pkg_uvm_sequencer_analysis_fifo_36951920133088784204_34",
                3116,
                208,
                4,
                4,
                12884943694,
                "uvm_pkg_uvm_sequencer_analysis_fifo_7860219793854266295_64",
                3116,
                208,
                4,
                4,
                12884943694,
                "uvm_pkg_uvm_random_sequence_11_0",
                13009,
                1044,
                17,
                14,
                12884947034,
                "uvm_pkg_uvm_exhaustive_sequence_11_0",
                11305,
                891,
                16,
                13,
                12884947147,
                "uvm_pkg_uvm_simple_sequence_11_0",
                9749,
                775,
                16,
                9,
                12884947253,
                "uvm_pkg_uvm_reg_sequence_30395111473839290680_100",
                21982,
                1477,
                35,
                21,
                12884951352,
                "uvm_pkg_uvm_reg_sequence_15155903533960952999_90",
                21982,
                1477,
                35,
                21,
                12884951352,
                "uvm_pkg_uvm_reg_frontdoor_11_0",
                1306,
                59,
                3,
                3,
                12884951812,
                "uvm_pkg_uvm_reg_indirect_ftdr_seq_11_0",
                1797,
                82,
                4,
                4,
                12884959222,
                "uvm_pkg_uvm_reg_hw_reset_seq_11_0",
                20658,
                1745,
                13,
                13,
                12884969968,
                "uvm_pkg_uvm_reg_single_bit_bash_seq_11_0",
                22691,
                2002,
                12,
                12,
                12884970176,
                "uvm_pkg_uvm_reg_bit_bash_seq_11_0",
                17966,
                1378,
                24,
                13,
                12884970332,
                "uvm_pkg_uvm_mem_single_walk_seq_11_0",
                24978,
                2542,
                11,
                11,
                12884970494,
                "uvm_pkg_uvm_mem_walk_seq_11_0",
                19520,
                1535,
                24,
                13,
                12884970631,
                "uvm_pkg_uvm_mem_single_access_seq_11_0",
                28262,
                2666,
                21,
                11,
                12884970786,
                "uvm_pkg_uvm_mem_access_seq_11_0",
                21940,
                1824,
                24,
                13,
                12884970931,
                "uvm_pkg_uvm_reg_single_access_seq_11_0",
                27125,
                2358,
                18,
                11,
                12884971108,
                "uvm_pkg_uvm_reg_access_seq_11_0",
                20406,
                1669,
                24,
                13,
                12884971265,
                "uvm_pkg_uvm_reg_mem_access_seq_11_0",
                14136,
                1041,
                19,
                12,
                12884971388,
                "uvm_pkg_uvm_reg_shared_access_seq_11_0",
                25960,
                2595,
                11,
                11,
                12884971495,
                "uvm_pkg_uvm_mem_shared_access_seq_11_0",
                26453,
                2510,
                11,
                11,
                12884971644,
                "uvm_pkg_uvm_reg_mem_shared_access_seq_11_0",
                26878,
                2249,
                28,
                13,
                12884971792,
                "uvm_pkg_uvm_reg_mem_built_in_seq_11_0",
                33144,
                2779,
                34,
                11,
                12884971957,
                "uvm_pkg_uvm_reg_mem_hdl_paths_seq_11_0",
                50240,
                4992,
                15,
                15,
                12884972115
            ],
            "end_perf": [
                22.181143999099731,
                12.105159,
                11.467256000000001,
                306960,
                306964,
                450543730156105,
                51539607553,
                0
            ],
            "nRouts": 2593,
            "nMops": 147351
        },
        "_vcs_DPI_package": {
            "nQuads": 28,
            "start_perf": [
                22.181504964828491,
                12.105159,
                11.467256000000001,
                306960,
                306964,
                1620182247.3740749,
                450543731316993
            ],
            "Compiled Times": 1,
            "child_modules": {},
            "Compiled": "Yes",
            "end_perf": [
                22.183938026428223,
                12.108159000000001,
                11.467256000000001,
                306960,
                306984,
                450543739623495,
                0,
                0
            ],
            "nRouts": 6,
            "nMops": 43
        },
        "asyn_fifo": {
            "nQuads": 871,
            "start_perf": [
                24.812022924423218,
                14.729760000000001,
                11.467256000000001,
                309136,
                309160,
                1620182250.0045929,
                450552696082867
            ],
            "Compiled Times": 1,
            "child_modules": {},
            "Compiled": "Yes",
            "end_perf": [
                24.885493993759155,
                14.802749,
                11.467256000000001,
                309140,
                309164,
                450552946506579,
                17179869185,
                0
            ],
            "nRouts": 118,
            "nMops": 2836
        },
        "std": {
            "nQuads": 224,
            "start_perf": [
                22.332123994827271,
                12.256136,
                11.467256000000001,
                306960,
                306984,
                1620182247.524694,
                450544244608287
            ],
            "child_modules": {},
            "Compiled Times": 1,
            "Compiled": "Yes",
            "svclass": [
                "$vcs_nba_dyn_obj",
                576,
                35,
                2,
                2,
                0,
                "sigprop$$",
                576,
                35,
                2,
                2,
                0,
                "process",
                2378,
                200,
                8,
                8,
                0,
                "event",
                597,
                34,
                2,
                2,
                0,
                "mailbox",
                1769,
                140,
                9,
                9,
                0,
                "semaphore",
                1128,
                84,
                5,
                5,
                0
            ],
            "end_perf": [
                22.343944072723389,
                12.267135,
                11.467256000000001,
                306960,
                306984,
                450544284992267,
                8589934594,
                0
            ],
            "nRouts": 34,
            "nMops": 543
        },
        "my_if": {
            "nQuads": 837,
            "start_perf": [
                24.885541915893555,
                14.802749,
                11.467256000000001,
                309140,
                309164,
                1620182250.0781119,
                450552946613935
            ],
            "child_modules": {},
            "Compiled Times": 1,
            "Compiled": "Yes",
            "svclass": [
                "my_if_vcs_virt_intf_C",
                0,
                0,
                0,
                0,
                0
            ],
            "end_perf": [
                24.903373956680298,
                14.819747,
                11.467256000000001,
                309140,
                309164,
                450553007442009,
                42949672961,
                0
            ],
            "nRouts": 134,
            "nMops": 1204
        },
        "top_tb": {
            "nQuads": 422,
            "start_perf": [
                24.903424978256226,
                14.819747,
                11.467256000000001,
                309140,
                309164,
                1620182250.0959949,
                450553007560849
            ],
            "Compiled Times": 1,
            "child_modules": {
                "asyn_fifo": 1,
                "my_if": 1
            },
            "Compiled": "Yes",
            "end_perf": [
                24.913758993148804,
                14.830745,
                11.467256000000001,
                309140,
                309164,
                450553042831351,
                47244640257,
                0
            ],
            "nRouts": 61,
            "nMops": 1213
        }
    },
    "reusePaths": {},
    "ObjArchives": [
        {
            "archive": "archive.0/_40780_archive_1.a",
            "objects": [
                [
                    "hEeZs_d.o",
                    6814816
                ],
                [
                    "uM9F1_d.o",
                    9386
                ],
                [
                    "DdJ4M_d.o",
                    544428
                ],
                [
                    "reYIK_d.o",
                    44252
                ],
                [
                    "zr7M1_d.o",
                    7095762
                ],
                [
                    "kWy9z_d.o",
                    38548
                ],
                [
                    "qKzhu_d.o",
                    44214
                ],
                [
                    "W0eJz_d.o",
                    36298
                ],
                [
                    "amcQwB.o",
                    425704
                ]
            ],
            "size": 15053408
        }
    ],
    "stat": {
        "ru_self_end": {
            "ru_utime_sec": 14.886735999999999,
            "ru_nivcsw": 826,
            "ru_minflt": 80667,
            "ru_stime_sec": 11.467256000000001,
            "ru_maxrss_kb": 156788,
            "ru_majflt": 0,
            "ru_nvcsw": 11
        },
        "peak_mem_kb": 309188,
        "cpu_cycles_end": 450553233011613,
        "ru_childs_end": {
            "ru_utime_sec": 0.146977,
            "ru_nivcsw": 12,
            "ru_minflt": 5421,
            "ru_stime_sec": 0.083987000000000006,
            "ru_maxrss_kb": 84944,
            "ru_majflt": 0,
            "ru_nvcsw": 19
        }
    }
}