{
    "top_tb": [
        "top_tb",
        "W0eJz",
        "module",
        8
    ],
    "_vcs_DPI_package": [
        "_vcs_DPI_package",
        "uM9F1",
        "module",
        1
    ],
    "uvm_pkg": [
        "uvm_pkg",
        "zr7M1",
        "module",
        5
    ],
    "vcs_paramclassrepository": [
        "vcs_paramclassrepository",
        "hEeZs",
        "module",
        2
    ],
    "...MASTER...": [
        "SIM",
        "amcQw",
        "module",
        9
    ],
    "_vcs_unit__2656887399": [
        "_vcs_unit__2656887399",
        "DdJ4M",
        "module",
        3
    ],
    "asyn_fifo": [
        "asyn_fifo",
        "kWy9z",
        "module",
        6
    ],
    "std": [
        "std",
        "reYIK",
        "module",
        4
    ],
    "my_if": [
        "my_if",
        "qKzhu",
        "module",
        7
    ]
}