<session version="1.1" release="L-2016.06" timestp="2019-10-18 13:05:28 GMT">
  <hvp>
    <datadef>
      <metdef name="Line" type="ratio" aggregator="average" builtin="1" />
      <metdef name="Toggle" type="ratio" aggregator="average" builtin="1" />
      <metdef name="FSM" type="ratio" aggregator="average" builtin="1" />
      <metdef name="Group" type="percent" aggregator="average" builtin="1" />
    </datadef>
  </hvp>
  <old_coverage>
  <scope type="top" name="top">
    <metric name="Line" value="48/48" />
    <metric name="Toggle" value="411/418" />
    <metric name="Group" value="100%" />
  </scope>
  <scope type="instance" name="top">
  </scope>
  <scope type="group" name="top">
    <scope type="group" name="$unit::my_driver::cov_label">
      <metric name="Group" value="100%" />
    </scope>
  </scope>
  </old_coverage>
</session>